Modelo,N° Características,Hiperparámetros,RMSE (log),MAE (log),R² (log),RMSE (original),MAE (original),Ranking
Elastic Net,18,"α=0.0010, l1=0.10",0.6552182486944856,0.4885488470947965,0.7820594684085134,99.24328131072768,64.23281389095524,1
Ridge,18,α=0.1600,0.65554222429605,0.4888017404356651,0.7818438917787573,99.70685629246542,64.56311495913687,2
LASSO,18,α=0.0010,0.6562903850302573,0.48919842627132,0.7813456508845303,99.12164174468701,64.38135239185682,3
Lineal Mejorado,18,Ninguno,0.6660868955185049,0.49805571708237767,0.7747691811836019,101.27569717187217,65.76109409212106,4
Lineal Base,8,Ninguno,1.2420656382825672,0.9764382856635824,0.21683164462899795,179.65275433897148,122.0952638184718,5
